Groupe socioprofessionnel | 15 à 24 ans,Hommes | 25 à 54 ans,Femmes | 55 ans ou +,Part en % de la population âgée de
Ensemble,4 017,4 664,"100,0","100,0","100,0"
Agriculteurs exploitants,0,0,"0,0","0,0","0,0"
"Artisans, commerçants, chefs d'entreprise",267,143,"0,5","8,6","2,7"
Cadres et professions intellectuelles supérieures,433,295,"0,6","15,2","5,0"
Professions intermédiaires,509,671,"5,9","27,1","4,9"
Employés,322,868,"14,4","25,1","4,8"
Ouvriers,602,110,"12,1","13,7","3,1"
Retraités,1 408,1 740,"0,0","0,1","72,7"
Autres personnes sans activité professionnelle,477,836,"66,5","10,2","6,8"
